nearby_gene,ld_block,regulatory_annotation,n_snps,mean_abs_weight,max_abs_weight,signed_weight_sum,relative_evidence_score,evidence_tier
GENE_B,block_1,enhancer_like,12,1.3015709486949623,1.7212396048792082,15.618851384339546,1.0,high
GENE_A,block_1,promoter_proximal,28,0.598963055851084,1.4054809651281897,16.00209890155682,0.816551606844314,high
GENE_C,block_3,intronic,10,0.9764575401777218,1.2131054927196452,-9.764575401777218,0.7047859515205482,high
GENE_D,block_3,intergenic,22,0.7395645147278885,1.133274080958481,-16.27041932401355,0.6584057662547284,moderate
GENE_B,block_2,enhancer_like,24,0.3519457742961016,1.0510662957838408,7.658539019203122,0.6106449635509065,moderate
GENE_C,block_2,intronic,24,0.34994142936333367,0.785894066895525,-8.062271601964618,0.456586093340954,moderate
